race_id,race_year,race_date,race_name
469,2026,2026-01-13 12:00:00+00:00,N. Wilkes TEST
471,2026,2026-01-25 16:40:00+00:00,Daytona Rolex
424,2026,2026-02-04 23:00:00+00:00,Bowman Gray
467,2026,2026-02-07 02:00:00+00:00,Home
422,2026,2026-02-15 19:30:00+00:00,Daytona - Spring
423,2026,2026-02-22 20:00:00+00:00,Atlanta - Spring
425,2026,2026-03-01 19:30:00+00:00,COTA
426,2026,2026-03-08 17:30:00+00:00,Phoenix - Spring
428,2026,2026-03-15 18:00:00+00:00,Las Vegas - Spring
429,2026,2026-03-22 20:00:00+00:00,Darlington - Spring
430,2026,2026-03-29 20:30:00+00:00,Martinsville - Spring
432,2026,2026-04-12 20:00:00+00:00,Bristol - Spring
433,2026,2026-04-19 18:00:00+00:00,Kansas - Spring
434,2026,2026-04-26 19:00:00+00:00,Talladega - Spring
435,2026,2026-05-03 19:30:00+00:00,Texas - Spring
436,2026,2026-05-10 20:00:00+00:00,Watkins Glen
437,2026,2026-05-17 18:00:00+00:00,Dover
438,2026,2026-05-24 23:00:00+00:00,Charlotte - Spring
440,2026,2026-05-31 23:00:00+00:00,Nashville
441,2026,2026-06-07 20:00:00+00:00,Michigan - Summer
443,2026,2026-06-14 20:00:00+00:00,Pocono - Summer
444,2026,2026-06-21 18:00:00+00:00,San Diego
445,2026,2026-06-28 17:30:00+00:00,Sonoma
446,2026,2026-07-05 22:00:00+00:00,Chicago
474,2026,2026-07-13 00:00:00+00:00,Atlanta - Summer
449,2026,2026-07-20 00:00:00+00:00,N. Wilkesboro
451,2026,2026-07-26 19:00:00+00:00,Indianapolis
452,2026,2026-08-09 19:30:00+00:00,Iowa - Summer
453,2026,2026-08-16 00:00:00+00:00,Richmond - Summer
454,2026,2026-08-23 20:00:00+00:00,New Hampshire
455,2026,2026-08-30 00:30:00+00:00,Daytona - Summer
457,2026,2026-09-06 22:00:00+00:00,Darlington - Fall
458,2026,2026-09-13 19:00:00+00:00,Gateway
459,2026,2026-09-20 00:30:00+00:00,Bristol - Fall
460,2026,2026-09-27 19:00:00+00:00,Kansas - Fall
461,2026,2026-10-04 19:30:00+00:00,Las Vegas - Fall
462,2026,2026-10-11 20:00:00+00:00,Charlotte - Fall
463,2026,2026-10-18 17:00:00+00:00,Phoenix - Fall
464,2026,2026-10-25 18:00:00+00:00,Talladega - Fall
465,2026,2026-11-01 19:00:00+00:00,Martinsville - Fall
466,2026,2026-11-08 20:00:00+00:00,Homestead
427,2026,,St. Petersburg
431,2026,,Rockingham
439,2026,,Indy 500
442,2026,,Gateway - Indycar
448,2026,,Lime Rock Park
450,2026,,Nashville Indy
456,2026,,Milwaukee Indycar
468,2026,,Rockingham - Test
475,2026,,Gainesville NHRA
